Year,Subsector,Simulation_Values,Edgar_Values,diff
2015,agrc,4.581204770963081,1.13413896,3.039368130835644
2015,frst,-0.4576348308552754,-6.547103826,-0.9301011801526796
2015,ippu,11.91921411584787,3.8832173619999995,2.069417188047655
2015,lndu,0.5400229157030054,0.060839526,7.876185453893994
2015,lsmm,0.31064083654172525,1.793108218,-0.8267584558347469
2015,lvst,2.9084817058875,1.682915592,0.7282397998529566
2015,soil,1.42554248630586,0.092259474,14.451448230735197
2015,trww,0.3933708302049289,0.503173252,-0.21821991005807886
2015,waso,1.2077187722265466,1.2586895035999999,-0.04049507938826139
