Year,Subsector,Simulation_Values,Edgar_Values,diff
2015,agrc,1.7766828939203745,1.13413896,0.5665478010916533
2015,frst,-1.6998705207866773,-6.547103826,-0.7403629809510405
2015,ippu,7.471239617177253,3.8832173619999995,0.923981822467257
2015,lndu,0.79233771880398,0.060839526,12.02340387734086
2015,lsmm,0.1831811659942869,1.793108218,-0.897841544556299
2015,lvst,0.9694939019625,1.682915592,-0.42392006671568117
2015,soil,1.1392545753276848,0.092259474,11.348374924917573
2015,trww,0.6488421699676654,0.503173252,0.2895005197288696
2015,waso,1.3044665207757258,1.2586895035999999,0.036368792339014716
